ATOM; 16112; N; PHE
ATOM; 16113; CA; PHE
ATOM; 16114; C; PHE
ATOM; 16115; O; PHE
ATOM; 16116; CB; PHE
ATOM; 16117; CG; PHE
ATOM; 16118; CD1; PHE
ATOM; 16119; CD2; PHE
ATOM; 16120; CE1; PHE
ATOM; 16121; CE2; PHE
ATOM; 16122; CZ; PHE
ATOM; 16207; N; PHE
ATOM; 16208; CA; PHE
ATOM; 16209; C; PHE
ATOM; 16210; O; PHE
ATOM; 16211; CB; PHE
ATOM; 16212; CG; PHE
ATOM; 16213; CD1; PHE
ATOM; 16214; CD2; PHE
ATOM; 16215; CE1; PHE
ATOM; 16216; CE2; PHE
ATOM; 16217; CZ; PHE
ATOM; 16304; N; PHE
ATOM; 16305; CA; PHE
ATOM; 16306; C; PHE
ATOM; 16307; O; PHE
ATOM; 16308; CB; PHE
ATOM; 16309; CG; PHE
ATOM; 16310; CD1; PHE
ATOM; 16311; CD2; PHE
ATOM; 16312; CE1; PHE
ATOM; 16313; CE2; PHE
ATOM; 16314; CZ; PHE
ATOM; 16330; N; PHE
ATOM; 16331; CA; PHE
ATOM; 16332; C; PHE
ATOM; 16333; O; PHE
ATOM; 16334; CB; PHE
ATOM; 16335; CG; PHE
ATOM; 16336; CD1; PHE
ATOM; 16337; CD2; PHE
ATOM; 16338; CE1; PHE
ATOM; 16339; CE2; PHE
ATOM; 16340; CZ; PHE
ATOM; 16341; N; PHE
ATOM; 16342; CA; PHE
ATOM; 16343; C; PHE
ATOM; 16344; O; PHE
ATOM; 16345; CB; PHE
ATOM; 16346; CG; PHE
ATOM; 16347; CD1; PHE
ATOM; 16348; CD2; PHE
ATOM; 16349; CE1; PHE
ATOM; 16350; CE2; PHE
ATOM; 16351; CZ; PHE
ATOM; 16393; N; PHE
ATOM; 16394; CA; PHE
ATOM; 16395; C; PHE
ATOM; 16396; O; PHE
ATOM; 16397; CB; PHE
ATOM; 16398; CG; PHE
ATOM; 16399; CD1; PHE
ATOM; 16400; CD2; PHE
ATOM; 16401; CE1; PHE
ATOM; 16402; CE2; PHE
ATOM; 16403; CZ; PHE
ATOM; 16414; N; PHE
ATOM; 16415; CA; PHE
ATOM; 16416; C; PHE
ATOM; 16417; O; PHE
ATOM; 16418; CB; PHE
ATOM; 16419; CG; PHE
ATOM; 16420; CD1; PHE
ATOM; 16421; CD2; PHE
ATOM; 16422; CE1; PHE
ATOM; 16423; CE2; PHE
ATOM; 16424; CZ; PHE
ATOM; 16467; N; PHE
ATOM; 16468; CA; PHE
ATOM; 16469; C; PHE
ATOM; 16470; O; PHE
ATOM; 16471; CB; PHE
ATOM; 16472; CG; PHE
ATOM; 16473; CD1; PHE
ATOM; 16474; CD2; PHE
ATOM; 16475; CE1; PHE
ATOM; 16476; CE2; PHE
ATOM; 16477; CZ; PHE
ATOM; 16517; N; PHE
ATOM; 16518; CA; PHE
ATOM; 16519; C; PHE
ATOM; 16520; O; PHE
ATOM; 16521; CB; PHE
ATOM; 16522; CG; PHE
ATOM; 16523; CD1; PHE
ATOM; 16524; CD2; PHE
ATOM; 16525; CE1; PHE
ATOM; 16526; CE2; PHE
ATOM; 16527; CZ; PHE
ATOM; 16631; N; PHE
ATOM; 16632; CA; PHE
ATOM; 16633; C; PHE
ATOM; 16634; O; PHE
ATOM; 16635; CB; PHE
ATOM; 16636; CG; PHE
ATOM; 16637; CD1; PHE
ATOM; 16638; CD2; PHE
ATOM; 16639; CE1; PHE
ATOM; 16640; CE2; PHE
ATOM; 16641; CZ; PHE
ATOM; 16829; N; PHE
ATOM; 16830; CA; PHE
ATOM; 16831; C; PHE
ATOM; 16832; O; PHE
ATOM; 16833; CB; PHE
ATOM; 16834; CG; PHE
ATOM; 16835; CD1; PHE
ATOM; 16836; CD2; PHE
ATOM; 16837; CE1; PHE
ATOM; 16838; CE2; PHE
ATOM; 16839; CZ; PHE
ATOM; 16849; N; PHE
ATOM; 16850; CA; PHE
ATOM; 16851; C; PHE
ATOM; 16852; O; PHE
ATOM; 16853; CB; PHE
ATOM; 16883; N; PHE
ATOM; 16884; CA; PHE
ATOM; 16885; C; PHE
ATOM; 16886; O; PHE
ATOM; 16887; CB; PHE
ATOM; 16888; CG; PHE
ATOM; 16889; CD1; PHE
ATOM; 16890; CD2; PHE
ATOM; 16891; CE1; PHE
ATOM; 16892; CE2; PHE
ATOM; 16893; CZ; PHE
ATOM; 16934; N; PHE
ATOM; 16935; CA; PHE
ATOM; 16936; C; PHE
ATOM; 16937; O; PHE
ATOM; 16938; CB; PHE
ATOM; 16939; CG; PHE
ATOM; 16940; CD1; PHE
ATOM; 16941; CD2; PHE
ATOM; 16942; CE1; PHE
ATOM; 16943; CE2; PHE
ATOM; 16944; CZ; PHE
ATOM; 17018; N; PHE
ATOM; 17019; CA; PHE
ATOM; 17020; C; PHE
ATOM; 17021; O; PHE
ATOM; 17022; CB; PHE
ATOM; 17023; CG; PHE
ATOM; 17024; CD1; PHE
ATOM; 17025; CD2; PHE
ATOM; 17026; CE1; PHE
ATOM; 17027; CE2; PHE
ATOM; 17028; CZ; PHE
ATOM; 17075; N; PHE
ATOM; 17076; CA; PHE
ATOM; 17077; C; PHE
ATOM; 17078; O; PHE
ATOM; 17079; CB; PHE
ATOM; 17080; CG; PHE
ATOM; 17081; CD1; PHE
ATOM; 17082; CD2; PHE
ATOM; 17083; CE1; PHE
ATOM; 17084; CE2; PHE
ATOM; 17085; CZ; PHE
ATOM; 17102; N; PHE
ATOM; 17103; CA; PHE
ATOM; 17104; C; PHE
ATOM; 17105; O; PHE
ATOM; 17106; CB; PHE
ATOM; 17107; CG; PHE
ATOM; 17108; CD1; PHE
ATOM; 17109; CD2; PHE
ATOM; 17110; CE1; PHE
ATOM; 17111; CE2; PHE
ATOM; 17112; CZ; PHE
ATOM; 17152; N; PHE
ATOM; 17153; CA; PHE
ATOM; 17154; C; PHE
ATOM; 17155; O; PHE
ATOM; 17156; CB; PHE
ATOM; 17157; CG; PHE
ATOM; 17158; CD1; PHE
ATOM; 17159; CD2; PHE
ATOM; 17160; CE1; PHE
ATOM; 17161; CE2; PHE
ATOM; 17162; CZ; PHE
ATOM; 17170; N; PHE
ATOM; 17171; CA; PHE
ATOM; 17172; C; PHE
ATOM; 17173; O; PHE
ATOM; 17174; CB; PHE
ATOM; 17175; CG; PHE
ATOM; 17176; CD1; PHE
ATOM; 17177; CD2; PHE
ATOM; 17178; CE1; PHE
ATOM; 17179; CE2; PHE
ATOM; 17180; CZ; PHE
ATOM; 17227; N; PHE
ATOM; 17228; CA; PHE
ATOM; 17229; C; PHE
ATOM; 17230; O; PHE
ATOM; 17231; CB; PHE
ATOM; 17232; CG; PHE
ATOM; 17233; CD1; PHE
ATOM; 17234; CD2; PHE
ATOM; 17235; CE1; PHE
ATOM; 17236; CE2; PHE
ATOM; 17237; CZ; PHE
ATOM; 17381; N; PHE
ATOM; 17382; CA; PHE
ATOM; 17383; C; PHE
ATOM; 17384; O; PHE
ATOM; 17385; CB; PHE
ATOM; 17386; CG; PHE
ATOM; 17387; CD1; PHE
ATOM; 17388; CD2; PHE
ATOM; 17389; CE1; PHE
ATOM; 17390; CE2; PHE
ATOM; 17391; CZ; PHE
ATOM; 17519; N; PHE
ATOM; 17520; CA; PHE
ATOM; 17521; C; PHE
ATOM; 17522; O; PHE
ATOM; 17523; CB; PHE
ATOM; 17524; CG; PHE
ATOM; 17525; CD1; PHE
ATOM; 17526; CD2; PHE
ATOM; 17527; CE1; PHE
ATOM; 17528; CE2; PHE
ATOM; 17529; CZ; PHE
ATOM; 17704; N; PHE
ATOM; 17705; CA; PHE
ATOM; 17706; C; PHE
ATOM; 17707; O; PHE
ATOM; 17708; CB; PHE
ATOM; 17709; CG; PHE
ATOM; 17710; CD1; PHE
ATOM; 17711; CD2; PHE
ATOM; 17712; CE1; PHE
ATOM; 17713; CE2; PHE
ATOM; 17714; CZ; PHE
ATOM; 17933; N; PHE
ATOM; 17934; CA; PHE
ATOM; 17935; C; PHE
ATOM; 17936; O; PHE
ATOM; 17937; CB; PHE
ATOM; 17938; CG; PHE
ATOM; 17939; CD1; PHE
ATOM; 17940; CD2; PHE
ATOM; 17941; CE1; PHE
ATOM; 17942; CE2; PHE
ATOM; 17943; CZ; PHE
ATOM; 18030; N; PHE
ATOM; 18031; CA; PHE
ATOM; 18032; C; PHE
ATOM; 18033; O; PHE
ATOM; 18034; CB; PHE
ATOM; 18035; CG; PHE
ATOM; 18036; CD1; PHE
ATOM; 18037; CD2; PHE
ATOM; 18038; CE1; PHE
ATOM; 18039; CE2; PHE
ATOM; 18040; CZ; PHE
ATOM; 18123; N; PHE
ATOM; 18124; CA; PHE
ATOM; 18125; C; PHE
ATOM; 18126; O; PHE
ATOM; 18127; CB; PHE
ATOM; 18128; CG; PHE
ATOM; 18129; CD1; PHE
ATOM; 18130; CD2; PHE
ATOM; 18131; CE1; PHE
ATOM; 18132; CE2; PHE
ATOM; 18133; CZ; PHE
ATOM; 18193; N; PHE
ATOM; 18194; CA; PHE
ATOM; 18195; C; PHE
ATOM; 18196; O; PHE
ATOM; 18197; CB; PHE
ATOM; 18198; CG; PHE
ATOM; 18199; CD1; PHE
ATOM; 18200; CD2; PHE
ATOM; 18201; CE1; PHE
ATOM; 18202; CE2; PHE
ATOM; 18203; CZ; PHE
ATOM; 18224; N; PHE
ATOM; 18225; CA; PHE
ATOM; 18226; C; PHE
ATOM; 18227; O; PHE
ATOM; 18228; CB; PHE
ATOM; 18229; CG; PHE
ATOM; 18230; CD1; PHE
ATOM; 18231; CD2; PHE
ATOM; 18232; CE1; PHE
ATOM; 18233; CE2; PHE
ATOM; 18234; CZ; PHE
ATOM; 18266; N; PHE
ATOM; 18267; CA; PHE
ATOM; 18268; C; PHE
ATOM; 18269; O; PHE
ATOM; 18270; CB; PHE
ATOM; 18271; CG; PHE
ATOM; 18272; CD1; PHE
ATOM; 18273; CD2; PHE
ATOM; 18274; CE1; PHE
ATOM; 18275; CE2; PHE
ATOM; 18276; CZ; PHE
ATOM; 18483; N; PHE
ATOM; 18484; CA; PHE
ATOM; 18485; C; PHE
ATOM; 18486; O; PHE
ATOM; 18487; CB; PHE
ATOM; 18488; CG; PHE
ATOM; 18489; CD1; PHE
ATOM; 18490; CD2; PHE
ATOM; 18491; CE1; PHE
ATOM; 18492; CE2; PHE
ATOM; 18493; CZ; PHE
ATOM; 18507; N; PHE
ATOM; 18508; CA; PHE
ATOM; 18509; C; PHE
ATOM; 18510; O; PHE
ATOM; 18511; CB; PHE
ATOM; 18512; CG; PHE
ATOM; 18513; CD1; PHE
ATOM; 18514; CD2; PHE
ATOM; 18515; CE1; PHE
ATOM; 18516; CE2; PHE
ATOM; 18517; CZ; PHE
ATOM; 18623; N; PHE
ATOM; 18624; CA; PHE
ATOM; 18625; C; PHE
ATOM; 18626; O; PHE
ATOM; 18627; CB; PHE
ATOM; 18628; CG; PHE
ATOM; 18629; CD1; PHE
ATOM; 18630; CD2; PHE
ATOM; 18631; CE1; PHE
ATOM; 18632; CE2; PHE
ATOM; 18633; CZ; PHE
ATOM; 18687; N; PHE
ATOM; 18688; CA; PHE
ATOM; 18689; C; PHE
ATOM; 18690; O; PHE
ATOM; 18691; CB; PHE
ATOM; 18692; CG; PHE
ATOM; 18693; CD1; PHE
ATOM; 18694; CD2; PHE
ATOM; 18695; CE1; PHE
ATOM; 18696; CE2; PHE
ATOM; 18697; CZ; PHE
ATOM; 18918; N; PHE
ATOM; 18919; CA; PHE
ATOM; 18920; C; PHE
ATOM; 18921; O; PHE
ATOM; 18922; CB; PHE
ATOM; 18923; CG; PHE
ATOM; 18924; CD1; PHE
ATOM; 18925; CD2; PHE
ATOM; 18926; CE1; PHE
ATOM; 18927; CE2; PHE
ATOM; 18928; CZ; PHE
ATOM; 19135; N; PHE
ATOM; 19136; CA; PHE
ATOM; 19137; C; PHE
ATOM; 19138; O; PHE
ATOM; 19139; CB; PHE
ATOM; 19140; CG; PHE
ATOM; 19141; CD1; PHE
ATOM; 19142; CD2; PHE
ATOM; 19143; CE1; PHE
ATOM; 19144; CE2; PHE
ATOM; 19145; CZ; PHE
ATOM; 19204; N; PHE
ATOM; 19205; CA; PHE
ATOM; 19206; C; PHE
ATOM; 19207; O; PHE
ATOM; 19208; CB; PHE
ATOM; 19209; CG; PHE
ATOM; 19210; CD1; PHE
ATOM; 19211; CD2; PHE
ATOM; 19212; CE1; PHE
ATOM; 19213; CE2; PHE
ATOM; 19214; CZ; PHE
ATOM; 19354; N; PHE
ATOM; 19355; CA; PHE
ATOM; 19356; C; PHE
ATOM; 19357; O; PHE
ATOM; 19358; CB; PHE
ATOM; 19359; CG; PHE
ATOM; 19360; CD1; PHE
ATOM; 19361; CD2; PHE
ATOM; 19362; CE1; PHE
ATOM; 19363; CE2; PHE
ATOM; 19364; CZ; PHE
ATOM; 19411; N; PHE
ATOM; 19412; CA; PHE
ATOM; 19413; C; PHE
ATOM; 19414; O; PHE
ATOM; 19415; CB; PHE
ATOM; 19416; CG; PHE
ATOM; 19417; CD1; PHE
ATOM; 19418; CD2; PHE
ATOM; 19419; CE1; PHE
ATOM; 19420; CE2; PHE
ATOM; 19421; CZ; PHE
ATOM; 19554; N; PHE
ATOM; 19555; CA; PHE
ATOM; 19556; C; PHE
ATOM; 19557; O; PHE
ATOM; 19558; CB; PHE
ATOM; 19559; CG; PHE
ATOM; 19560; CD1; PHE
ATOM; 19561; CD2; PHE
ATOM; 19562; CE1; PHE
ATOM; 19563; CE2; PHE
ATOM; 19564; CZ; PHE
ATOM; 19749; N; PHE
ATOM; 19750; CA; PHE
ATOM; 19751; C; PHE
ATOM; 19752; O; PHE
ATOM; 19753; CB; PHE
ATOM; 19754; CG; PHE
ATOM; 19755; CD1; PHE
ATOM; 19756; CD2; PHE
ATOM; 19757; CE1; PHE
ATOM; 19758; CE2; PHE
ATOM; 19759; CZ; PHE
ATOM; 19768; N; PHE
ATOM; 19769; CA; PHE
ATOM; 19770; C; PHE
ATOM; 19771; O; PHE
ATOM; 19772; CB; PHE
ATOM; 19773; CG; PHE
ATOM; 19774; CD1; PHE
ATOM; 19775; CD2; PHE
ATOM; 19776; CE1; PHE
ATOM; 19777; CE2; PHE
ATOM; 19778; CZ; PHE
ATOM; 19884; N; PHE
ATOM; 19885; CA; PHE
ATOM; 19886; C; PHE
ATOM; 19887; O; PHE
ATOM; 19888; CB; PHE
ATOM; 19889; CG; PHE
ATOM; 19890; CD1; PHE
ATOM; 19891; CD2; PHE
ATOM; 19892; CE1; PHE
ATOM; 19893; CE2; PHE
ATOM; 19894; CZ; PHE
ATOM; 19910; N; PHE
ATOM; 19911; CA; PHE
ATOM; 19912; C; PHE
ATOM; 19913; O; PHE
ATOM; 19914; CB; PHE
ATOM; 19915; CG; PHE
ATOM; 19916; CD1; PHE
ATOM; 19917; CD2; PHE
ATOM; 19918; CE1; PHE
ATOM; 19919; CE2; PHE
ATOM; 19920; CZ; PHE
ATOM; 19939; N; PHE
ATOM; 19940; CA; PHE
ATOM; 19941; C; PHE
ATOM; 19942; O; PHE
ATOM; 19943; CB; PHE
ATOM; 19944; CG; PHE
ATOM; 19945; CD1; PHE
ATOM; 19946; CD2; PHE
ATOM; 19947; CE1; PHE
ATOM; 19948; CE2; PHE
ATOM; 19949; CZ; PHE
ATOM; 20145; N; PHE
ATOM; 20146; CA; PHE
ATOM; 20147; C; PHE
ATOM; 20148; O; PHE
ATOM; 20149; CB; PHE
ATOM; 20150; CG; PHE
ATOM; 20151; CD1; PHE
ATOM; 20152; CD2; PHE
ATOM; 20153; CE1; PHE
ATOM; 20154; CE2; PHE
ATOM; 20155; CZ; PHE
ATOM; 20446; N; PHE
ATOM; 20447; CA; PHE
ATOM; 20448; C; PHE
ATOM; 20449; O; PHE
ATOM; 20450; CB; PHE
ATOM; 20451; CG; PHE
ATOM; 20452; CD1; PHE
ATOM; 20453; CD2; PHE
ATOM; 20454; CE1; PHE
ATOM; 20455; CE2; PHE
ATOM; 20456; CZ; PHE
ATOM; 20893; N; PHE
ATOM; 20894; CA; PHE
ATOM; 20895; C; PHE
ATOM; 20896; O; PHE
ATOM; 20897; CB; PHE
ATOM; 20898; CG; PHE
ATOM; 20899; CD1; PHE
ATOM; 20900; CD2; PHE
ATOM; 20901; CE1; PHE
ATOM; 20902; CE2; PHE
ATOM; 20903; CZ; PHE
ATOM; 21199; N; PHE
ATOM; 21200; CA; PHE
ATOM; 21201; C; PHE
ATOM; 21202; O; PHE
ATOM; 21203; CB; PHE
ATOM; 21204; CG; PHE
ATOM; 21205; CD1; PHE
ATOM; 21206; CD2; PHE
ATOM; 21207; CE1; PHE
ATOM; 21208; CE2; PHE
ATOM; 21209; CZ; PHE
ATOM; 21378; N; PHE
ATOM; 21379; CA; PHE
ATOM; 21380; C; PHE
ATOM; 21381; O; PHE
ATOM; 21382; CB; PHE
ATOM; 21383; CG; PHE
ATOM; 21384; CD1; PHE
ATOM; 21385; CD2; PHE
ATOM; 21386; CE1; PHE
ATOM; 21387; CE2; PHE
ATOM; 21388; CZ; PHE
ATOM; 21503; N; PHE
ATOM; 21504; CA; PHE
ATOM; 21505; C; PHE
ATOM; 21506; O; PHE
ATOM; 21507; CB; PHE
ATOM; 21508; CG; PHE
ATOM; 21509; CD1; PHE
ATOM; 21510; CD2; PHE
ATOM; 21511; CE1; PHE
ATOM; 21512; CE2; PHE
ATOM; 21513; CZ; PHE
ATOM; 21522; N; PHE
ATOM; 21523; CA; PHE
ATOM; 21524; C; PHE
ATOM; 21525; O; PHE
ATOM; 21526; CB; PHE
ATOM; 21527; CG; PHE
ATOM; 21528; CD1; PHE
ATOM; 21529; CD2; PHE
ATOM; 21530; CE1; PHE
ATOM; 21531; CE2; PHE
ATOM; 21532; CZ; PHE
ATOM; 21541; N; PHE
ATOM; 21542; CA; PHE
ATOM; 21543; C; PHE
ATOM; 21544; O; PHE
ATOM; 21545; CB; PHE
ATOM; 21546; CG; PHE
ATOM; 21547; CD1; PHE
ATOM; 21548; CD2; PHE
ATOM; 21549; CE1; PHE
ATOM; 21550; CE2; PHE
ATOM; 21551; CZ; PHE
ATOM; 21659; N; PHE
ATOM; 21660; CA; PHE
ATOM; 21661; C; PHE
ATOM; 21662; O; PHE
ATOM; 21663; CB; PHE
ATOM; 21664; CG; PHE
ATOM; 21665; CD1; PHE
ATOM; 21666; CD2; PHE
ATOM; 21667; CE1; PHE
ATOM; 21668; CE2; PHE
ATOM; 21669; CZ; PHE
ATOM; 21711; N; PHE
ATOM; 21712; CA; PHE
ATOM; 21713; C; PHE
ATOM; 21714; O; PHE
ATOM; 21715; CB; PHE
ATOM; 21716; CG; PHE
ATOM; 21717; CD1; PHE
ATOM; 21718; CD2; PHE
ATOM; 21719; CE1; PHE
ATOM; 21720; CE2; PHE
ATOM; 21721; CZ; PHE
ATOM; 21784; N; PHE
ATOM; 21785; CA; PHE
ATOM; 21786; C; PHE
ATOM; 21787; O; PHE
ATOM; 21788; CB; PHE
ATOM; 21789; CG; PHE
ATOM; 21790; CD1; PHE
ATOM; 21791; CD2; PHE
ATOM; 21792; CE1; PHE
ATOM; 21793; CE2; PHE
ATOM; 21794; CZ; PHE
ATOM; 22029; N; PHE
ATOM; 22030; CA; PHE
ATOM; 22031; C; PHE
ATOM; 22032; O; PHE
ATOM; 22033; CB; PHE
ATOM; 22034; CG; PHE
ATOM; 22035; CD1; PHE
ATOM; 22036; CD2; PHE
ATOM; 22037; CE1; PHE
ATOM; 22038; CE2; PHE
ATOM; 22039; CZ; PHE
ATOM; 22095; N; PHE
ATOM; 22096; CA; PHE
ATOM; 22097; C; PHE
ATOM; 22098; O; PHE
ATOM; 22099; CB; PHE
ATOM; 22100; CG; PHE
ATOM; 22101; CD1; PHE
ATOM; 22102; CD2; PHE
ATOM; 22103; CE1; PHE
ATOM; 22104; CE2; PHE
ATOM; 22105; CZ; PHE
ATOM; 22164; N; PHE
ATOM; 22165; CA; PHE
ATOM; 22166; C; PHE
ATOM; 22167; O; PHE
ATOM; 22168; CB; PHE
ATOM; 22169; CG; PHE
ATOM; 22170; CD1; PHE
ATOM; 22171; CD2; PHE
ATOM; 22172; CE1; PHE
ATOM; 22173; CE2; PHE
ATOM; 22174; CZ; PHE
ATOM; 22330; N; PHE
ATOM; 22331; CA; PHE
ATOM; 22332; C; PHE
ATOM; 22333; O; PHE
ATOM; 22334; CB; PHE
ATOM; 22335; CG; PHE
ATOM; 22336; CD1; PHE
ATOM; 22337; CD2; PHE
ATOM; 22338; CE1; PHE
ATOM; 22339; CE2; PHE
ATOM; 22340; CZ; PHE
ATOM; 22643; N; PHE
ATOM; 22644; CA; PHE
ATOM; 22645; C; PHE
ATOM; 22646; O; PHE
ATOM; 22647; CB; PHE
ATOM; 22648; CG; PHE
ATOM; 22649; CD1; PHE
ATOM; 22650; CD2; PHE
ATOM; 22651; CE1; PHE
ATOM; 22652; CE2; PHE
ATOM; 22653; CZ; PHE
ATOM; 23193; N; PHE
ATOM; 23194; CA; PHE
ATOM; 23195; C; PHE
ATOM; 23196; O; PHE
ATOM; 23197; CB; PHE
ATOM; 23198; CG; PHE
ATOM; 23199; CD1; PHE
ATOM; 23200; CD2; PHE
ATOM; 23201; CE1; PHE
ATOM; 23202; CE2; PHE
ATOM; 23203; CZ; PHE
ATOM; 23271; N; PHE
ATOM; 23272; CA; PHE
ATOM; 23273; C; PHE
ATOM; 23274; O; PHE
ATOM; 23275; CB; PHE
ATOM; 23276; CG; PHE
ATOM; 23277; CD1; PHE
ATOM; 23278; CD2; PHE
ATOM; 23279; CE1; PHE
ATOM; 23280; CE2; PHE
ATOM; 23281; CZ; PHE
ATOM; 23344; N; PHE
ATOM; 23345; CA; PHE
ATOM; 23346; C; PHE
ATOM; 23347; O; PHE
ATOM; 23348; CB; PHE
ATOM; 23349; CG; PHE
ATOM; 23350; CD1; PHE
ATOM; 23351; CD2; PHE
ATOM; 23352; CE1; PHE
ATOM; 23353; CE2; PHE
ATOM; 23354; CZ; PHE
ATOM; 23453; N; PHE
ATOM; 23454; CA; PHE
ATOM; 23455; C; PHE
ATOM; 23456; O; PHE
ATOM; 23457; CB; PHE
ATOM; 23458; CG; PHE
ATOM; 23459; CD1; PHE
ATOM; 23460; CD2; PHE
ATOM; 23461; CE1; PHE
ATOM; 23462; CE2; PHE
ATOM; 23463; CZ; PHE
ATOM; 23555; N; PHE
ATOM; 23556; CA; PHE
ATOM; 23557; C; PHE
ATOM; 23558; O; PHE
ATOM; 23559; CB; PHE
ATOM; 23560; CG; PHE
ATOM; 23561; CD1; PHE
ATOM; 23562; CD2; PHE
ATOM; 23563; CE1; PHE
ATOM; 23564; CE2; PHE
ATOM; 23565; CZ; PHE
ATOM; 23604; N; PHE
ATOM; 23605; CA; PHE
ATOM; 23606; C; PHE
ATOM; 23607; O; PHE
ATOM; 23608; CB; PHE
ATOM; 23609; CG; PHE
ATOM; 23610; CD1; PHE
ATOM; 23611; CD2; PHE
ATOM; 23612; CE1; PHE
ATOM; 23613; CE2; PHE
ATOM; 23614; CZ; PHE
ATOM; 23671; N; PHE
ATOM; 23672; CA; PHE
ATOM; 23673; C; PHE
ATOM; 23674; O; PHE
ATOM; 23675; CB; PHE
ATOM; 23676; CG; PHE
ATOM; 23677; CD1; PHE
ATOM; 23678; CD2; PHE
ATOM; 23679; CE1; PHE
ATOM; 23680; CE2; PHE
ATOM; 23681; CZ; PHE
ATOM; 23724; N; PHE
ATOM; 23725; CA; PHE
ATOM; 23726; C; PHE
ATOM; 23727; O; PHE
ATOM; 23728; CB; PHE
ATOM; 23729; CG; PHE
ATOM; 23730; CD1; PHE
ATOM; 23731; CD2; PHE
ATOM; 23732; CE1; PHE
ATOM; 23733; CE2; PHE
ATOM; 23734; CZ; PHE
ATOM; 23825; N; PHE
ATOM; 23826; CA; PHE
ATOM; 23827; C; PHE
ATOM; 23828; O; PHE
ATOM; 23829; CB; PHE
ATOM; 23830; CG; PHE
ATOM; 23831; CD1; PHE
ATOM; 23832; CD2; PHE
ATOM; 23833; CE1; PHE
ATOM; 23834; CE2; PHE
ATOM; 23835; CZ; PHE
ATOM; 24028; N; PHE
ATOM; 24029; CA; PHE
ATOM; 24030; C; PHE
ATOM; 24031; O; PHE
ATOM; 24032; CB; PHE
ATOM; 24033; CG; PHE
ATOM; 24034; CD1; PHE
ATOM; 24035; CD2; PHE
ATOM; 24036; CE1; PHE
ATOM; 24037; CE2; PHE
ATOM; 24038; CZ; PHE
